{
  "resume_general": {
    "nombre_total_patients": 1000,
    "age_moyen": 49.546827794561935,
    "age_min": 20.0,
    "age_max": 79.0,
    "ratio_hommes_femmes": "0:490",
    "imc_moyen": 24.42930612244898
  },
  "distribution_labels": {
    "1.0": 279,
    "2.0": 238,
    "3.0": 226,
    "4.0": 142,
    "5.0": 105
  },
  "patients_label_4": {
    "nombre": 142,
    "pourcentage": 14.2,
    "age_moyen": 50.297872340425535,
    "liste_ids": [
      "P0014",
      "P0016",
      "P0018",
      "P0020",
      "P0027",
      "P0030",
      "P0032",
      "P0052",
      "P0056",
      "P0070",
      "P0071",
      "P0075",
      "P0080",
      "P0082",
      "P0084",
      "P0098",
      "P0107",
      "P0112",
      "P0123",
      "P0132",
      "P0137",
      "P0139",
      "P0146",
      "P0148",
      "P0150",
      "P0155",
      "P0170",
      "P0171",
      "P0172",
      "P0180",
      "P0190",
      "P0212",
      "P0214",
      "P0234",
      "P0236",
      "P0249",
      "P0252",
      "P0253",
      "P0255",
      "P0256",
      "P0265",
      "P0269",
      "P0278",
      "P0279",
      "P0280",
      "P0290",
      "P0307",
      "P0334",
      "P0338",
      "P0348",
      "P0354",
      "P0362",
      "P0371",
      "P0386",
      "P0390",
      "P0392",
      "P0400",
      "P0412",
      "P0419",
      "P0425",
      "P0436",
      "P0452",
      "P0460",
      "P0478",
      "P0487",
      "P0491",
      "P0501",
      "P0506",
      "P0511",
      "P0519",
      "P0525",
      "P0530",
      "P0534",
      "P0541",
      "P0544",
      "P0545",
      "P0560",
      "P0572",
      "P0574",
      "P0591",
      "P0602",
      "P0635",
      "P0636",
      "P0640",
      "P0645",
      "P0650",
      "P0652",
      "P0659",
      "P0672",
      "P0689",
      "P0690",
      "P0699",
      "P0710",
      "P0718",
      "P0726",
      "P0732",
      "P0737",
      "P0741",
      "P0743",
      "P0755",
      "P0764",
      "P0766",
      "P0768",
      "P0780",
      "P0784",
      "P0786",
      "P0793",
      "P0796",
      "P0800",
      "P0802",
      "P0817",
      "P0828",
      "P0830",
      "P0831",
      "P0835",
      "P0841",
      "P0847",
      "P0855",
      "P0864",
      "P0878",
      "P0881",
      "P0882",
      "P0889",
      "P0890",
      "P0896",
      "P0898",
      "P0910",
      "P0913",
      "P0916",
      "P0922",
      "P0924",
      "P0925",
      "P0933",
      "P0941",
      "P0950",
      "P0961",
      "P0962",
      "P0965",
      "P0968",
      "P0972",
      "P0974",
      "P0991"
    ]
  },
  "statistiques_sante": {
    "tension_moyenne": "120/80",
    "cholesterol_moyen": 201.63232323232324,
    "glucose_moyen": 99.0443995963673,
    "patients_hypertendus": 164
  }
}